{
  "bundles": [
    {
      "name": "Русский язык и литература",
      "about": "Эта подборка предназначена для тех, кто изучает русский язык и готовится к сдаче экзамена ЕГЭ. В ней вы найдете полезные материалы для изучения грамматики и лексики, а также тесты и примеры заданий, которые помогут вам подготовиться к экзамену.",
      "groups": [
        { "name": "Садись, два!", "type": "tg", "link": "https://t.me/sitdownplz" },
        { "name": "Говорящий тростник", "type": "tg", "link": "https://t.me/thinking_reed" },
        { "name": "На стороне детства", "type": "tg", "link": "https://t.me/bebung" },
        { "name": "Только детские книги читать", "type": "tg", "link": "https://t.me/tolkodetskie" },
        { "name": "Русский язык (Грамотность)", "type": "tg", "link": "https://t.me/ruGrammar" }
      ]
    },

    {
      "name": "История и обществознание",
      "about": "Данная подборка представляет собой набор образовательных сообществ по истории и обществознанию, который поможет ученикам готовиться к ЕГЭ в этих предметах. Каналы содержат разнообразные материалы, включая теоретические конспекты, практические задания и тесты, а также актуальные новости и события, связанные с данными предметами.",
      "groups": [
        { "name": "Уроки истории с Тамарой Эйдельман", "type": "tg", "link": "https://t.me/eidelman" },
        { "name": "Здравствуйте, Кирилл Александрович", "type": "tg", "link": "https://t.me/kirill_uchit" },
        { "name": "Такая вот история", "type": "tg", "link": "https://t.me/alyahist" },
        { "name": "Анастасия Малова. Обществознание ЕГЭ", "type": "tg", "link": "https://t.me/umnastya" },
        { "name": "История детям от olgakultura", "type": "tg", "link": "https://t.me/olgahistory" },
        { "name": "Очень Древняя Греция", "type": "tg", "link": "https://t.me/knossoslab" }
      ]
    },

    {
      "name": "Английский язык",
      "about": "Данная подборка телеграм каналов предназначена для изучения английского языка и подготовки к ЕГЭ, в ней собраны каналы с разнообразными материалами на английском языке, такими как новости, статьи, книги, аудио- и видеоматериалы, а также каналы с заданиями и тестами для тренировки навыков чтения, грамматики и лексики.",
      "groups": [
        { "name": "Как это переводится, Чувак?", "type": "tg", "link": "https://t.me/Dudetranslate" },
        { "name": "Английский с нуля", "type": "tg", "link": "https://t.me/EnglishBestChannel" },
        { "name": "Учим Английский", "type": "tg", "link": "https://t.me/uchim_english" },
        { "name": "Записки учителя", "type": "tg", "link": "https://t.me/adisaenglish" }
      ]
    }
  ]
}